"Country","State","City","Timestamp(UTC)","Ozone","NO2","SO2","US AQI","Main pollutant"
"Croatia","Sisacko-Moslavacka","Kutina","2021-01-01T00:00:00.000Z",22.54,22.18,5.31,9,"Ozone"
"Croatia","Sisacko-Moslavacka","Kutina","2021-02-01T00:00:00.000Z",30.44,24.47,6.84,12,"Ozone"
"Croatia","Sisacko-Moslavacka","Kutina","2021-03-01T00:00:00.000Z",13.7,17.9,5.63,5,"Ozone"
"Croatia","Sisacko-Moslavacka","Kutina","2021-04-01T00:00:00.000Z",,13.98,5.38,3,"SO2"
"Croatia","Sisacko-Moslavacka","Kutina","2021-05-01T00:00:00.000Z",,10.73,4.15,2,"SO2"
"Croatia","Sisacko-Moslavacka","Kutina","2021-06-01T00:00:00.000Z",,11.13,3.75,2,"SO2"
"Croatia","Sisacko-Moslavacka","Kutina","2021-07-01T00:00:00.000Z",,10.24,3.63,2,"SO2"