"Country","State","City","Timestamp(UTC)","PM2.5","Ozone","NO2","SO2","US AQI","Main pollutant"
"Croatia","Slavonski Brod-Posavina","Slavonski Brod","2021-01-01T00:00:00.000Z",36.77,39.03,20.4,7.03,104,"PM2.5"
"Croatia","Slavonski Brod-Posavina","Slavonski Brod","2021-02-01T00:00:00.000Z",42.99,41.11,15.8,8.61,119,"PM2.5"
"Croatia","Slavonski Brod-Posavina","Slavonski Brod","2021-03-01T00:00:00.000Z",25.42,,13.18,3.5,79,"PM2.5"
"Croatia","Slavonski Brod-Posavina","Slavonski Brod","2021-04-01T00:00:00.000Z",15.06,,9,4.36,57,"PM2.5"
"Croatia","Slavonski Brod-Posavina","Slavonski Brod","2021-05-01T00:00:00.000Z",10.87,,7.88,2.23,45,"PM2.5"
"Croatia","Slavonski Brod-Posavina","Slavonski Brod","2021-06-01T00:00:00.000Z",15.07,,6.33,2.91,57,"PM2.5"
"Croatia","Slavonski Brod-Posavina","Slavonski Brod","2021-07-01T00:00:00.000Z",14.35,,7.92,4.56,56,"PM2.5"