Country,State,City,Timestamp(UTC),PM2.5,PM10,US AQI,Main pollutant
Croatia,Istria,Plomin Luka,2021-01-01T00:00:00.000Z,3.5,5.5,14,PM2.5
Croatia,Istria,Plomin Luka,2021-02-01T00:00:00.000Z,3.41,5.5,14,PM2.5
Croatia,Istria,Plomin Luka,2021-03-01T00:00:00.000Z,3.74,5.5,15,PM2.5
Croatia,Istria,Plomin Luka,2021-04-01T00:00:00.000Z,3.71,5.5,15,PM2.5
Croatia,Istria,Plomin Luka,2021-05-01T00:00:00.000Z,3.49,5.5,14,PM2.5
Croatia,Istria,Plomin Luka,2021-06-01T00:00:00.000Z,3.15,5.5,13,PM2.5
Croatia,Istria,Plomin Luka,2021-07-01T00:00:00.000Z,3.27,5.5,14,PM2.5
