Country,State,City,Timestamp(UTC),Ozone,NO2,US AQI,Main pollutant
Croatia,Karlovacka,Karlovac,2021-01-01T00:00:00.000Z,,11.33,2,NO2
Croatia,Karlovacka,Karlovac,2021-02-01T00:00:00.000Z,,10.94,2,NO2
Croatia,Karlovacka,Karlovac,2021-03-01T00:00:00.000Z,,8.18,1,NO2
Croatia,Karlovacka,Karlovac,2021-04-01T00:00:00.000Z,,5.97,1,NO2
Croatia,Karlovacka,Karlovac,2021-05-01T00:00:00.000Z,,3.78,1,NO2
Croatia,Karlovacka,Karlovac,2021-06-01T00:00:00.000Z,,4.18,1,NO2
Croatia,Karlovacka,Karlovac,2021-07-01T00:00:00.000Z,27.24,3.23,11,Ozone
