Country,State,City,Timestamp(UTC),PM2.5,PM10,CO,NO2,SO2,US AQI,Main pollutant
Croatia,Krapina-Zagorje,Desinic Gora,2021-01-01T00:00:00.000Z,16.78,17.68,,8.33,4.56,61,PM2.5
Croatia,Krapina-Zagorje,Desinic Gora,2021-02-01T00:00:00.000Z,20.4,23.91,,13.25,4.81,68,PM2.5
Croatia,Krapina-Zagorje,Desinic Gora,2021-03-01T00:00:00.000Z,16.7,19.39,,6.21,5.17,61,PM2.5
Croatia,Krapina-Zagorje,Desinic Gora,2021-04-01T00:00:00.000Z,12.91,15.72,54.93,4.46,5.15,53,PM2.5
Croatia,Krapina-Zagorje,Desinic Gora,2021-05-01T00:00:00.000Z,6.52,9.55,0.36,4.09,5.2,27,PM2.5
Croatia,Krapina-Zagorje,Desinic Gora,2021-06-01T00:00:00.000Z,13.83,24.04,0,4.25,2.98,55,PM2.5
Croatia,Krapina-Zagorje,Desinic Gora,2021-07-01T00:00:00.000Z,10.42,15.81,,4.82,3.05,43,PM2.5
