Country,State,City,Timestamp(UTC),PM2.5,PM10,Ozone,CO,NO2,SO2,US AQI,Main pollutant
Croatia,Licko-Senjska,Plitvicka Jezera,2021-01-01T00:00:00.000Z,5.97,6.67,,,7.46,2.42,25,PM2.5
Croatia,Licko-Senjska,Plitvicka Jezera,2021-02-01T00:00:00.000Z,9.77,12.58,,,,0.85,40,PM2.5
Croatia,Licko-Senjska,Plitvicka Jezera,2021-03-01T00:00:00.000Z,10.55,11.57,,,2.3,,44,PM2.5
Croatia,Licko-Senjska,Plitvicka Jezera,2021-04-01T00:00:00.000Z,7.03,8.4,,,2.01,,29,PM2.5
Croatia,Licko-Senjska,Plitvicka Jezera,2021-05-01T00:00:00.000Z,4.09,5.56,,,4.9,,17,PM2.5
Croatia,Licko-Senjska,Plitvicka Jezera,2021-06-01T00:00:00.000Z,11.55,16.45,4.75,19.63,2.56,3.52,48,PM2.5
Croatia,Licko-Senjska,Plitvicka Jezera,2021-07-01T00:00:00.000Z,9.77,14.39,3.3,52.39,2.08,4.76,40,PM2.5
