"Country","State","City","Timestamp(UTC)","PM2.5","PM10","NO2","SO2","US AQI","Main pollutant"
"Croatia","Osjecko-Baranjska","Zoljan","2021-01-01T00:00:00.000Z",7.23,10.39,10.3,10.77,30,"PM2.5"
"Croatia","Osjecko-Baranjska","Zoljan","2021-02-01T00:00:00.000Z",12.38,18.32,12.43,13.26,52,"PM2.5"
"Croatia","Osjecko-Baranjska","Zoljan","2021-03-01T00:00:00.000Z",6.89,10.39,9.55,6.27,28,"PM2.5"
"Croatia","Osjecko-Baranjska","Zoljan","2021-04-01T00:00:00.000Z",7,10.26,5.95,2.82,29,"PM2.5"
"Croatia","Osjecko-Baranjska","Zoljan","2021-05-01T00:00:00.000Z",6.15,9.5,4.82,3.99,25,"PM2.5"
"Croatia","Osjecko-Baranjska","Zoljan","2021-06-01T00:00:00.000Z",12.86,19.02,4.85,6.6,53,"PM2.5"
"Croatia","Osjecko-Baranjska","Zoljan","2021-07-01T00:00:00.000Z",11.44,17.13,5.6,5.56,47,"PM2.5"