"Country","State","City","Timestamp(UTC)","PM2.5","PM10","US AQI","Main pollutant"
"Croatia","Split-Dalmatia","Borovik","2021-01-01T00:00:00.000Z",3.37,3.74,14,"PM2.5"
"Croatia","Split-Dalmatia","Borovik","2021-02-01T00:00:00.000Z",4.37,4.98,18,"PM2.5"
"Croatia","Split-Dalmatia","Borovik","2021-03-01T00:00:00.000Z",5.7,6.01,24,"PM2.5"
"Croatia","Split-Dalmatia","Borovik","2021-04-01T00:00:00.000Z",4.44,5.22,18,"PM2.5"
"Croatia","Split-Dalmatia","Borovik","2021-05-01T00:00:00.000Z",3.14,4.07,13,"PM2.5"
"Croatia","Split-Dalmatia","Borovik","2021-06-01T00:00:00.000Z",6.73,9.42,28,"PM2.5"
"Croatia","Split-Dalmatia","Borovik","2021-07-01T00:00:00.000Z",2.37,2.67,10,"PM2.5"