"Country","State","City","Timestamp(UTC)","PM2.5","PM10","CO","NO2","SO2","US AQI","Main pollutant"
"Croatia","Sisacko-Moslavacka","Sisak","2021-01-01T00:00:00.000Z",14.34,18.52,,14.98,1.46,56,"PM2.5"
"Croatia","Sisacko-Moslavacka","Sisak","2021-02-01T00:00:00.000Z",18.79,26.27,,16.27,1.13,65,"PM2.5"
"Croatia","Sisacko-Moslavacka","Sisak","2021-03-01T00:00:00.000Z",17.76,24.65,,14.61,2.68,63,"PM2.5"
"Croatia","Sisacko-Moslavacka","Sisak","2021-04-01T00:00:00.000Z",11.11,15.53,,10.64,5.21,46,"PM2.5"
"Croatia","Sisacko-Moslavacka","Sisak","2021-05-01T00:00:00.000Z",8.34,11.34,0.16,8.3,4.81,34,"PM2.5"
"Croatia","Sisacko-Moslavacka","Sisak","2021-06-01T00:00:00.000Z",17.43,27.98,,9.37,2.5,62,"PM2.5"
"Croatia","Sisacko-Moslavacka","Sisak","2021-07-01T00:00:00.000Z",12.66,19.4,,7.9,2.85,52,"PM2.5"