"Country","State","City","Timestamp(UTC)","PM2.5","PM10","US AQI","Main pollutant"
"Croatia","Zadarska","Polaca","2021-01-01T00:00:00.000Z",6.23,7.27,26,"PM2.5"
"Croatia","Zadarska","Polaca","2021-02-01T00:00:00.000Z",11.26,14.31,47,"PM2.5"
"Croatia","Zadarska","Polaca","2021-03-01T00:00:00.000Z",9.11,10.79,38,"PM2.5"
"Croatia","Zadarska","Polaca","2021-04-01T00:00:00.000Z",7.85,10.84,32,"PM2.5"
"Croatia","Zadarska","Polaca","2021-05-01T00:00:00.000Z",4.97,8.74,21,"PM2.5"
"Croatia","Zadarska","Polaca","2021-06-01T00:00:00.000Z",9.89,20.47,41,"PM2.5"
"Croatia","Zadarska","Polaca","2021-07-01T00:00:00.000Z",5.02,9.6,21,"PM2.5"